الاسم,رقم الفئة
سلمان عبدالعزيز ال سعود ,1
محمد سلمان ال سعود,2
علي ال سعود,3
يحيى ال سعود,3
سند ال سعود,3
دياب ال سعود,3
جاسر ال سعود,3
عبدالهادي ال سعود,3
فواز ال سعود,3
عبدالرحيم ال سعود,3
مفلح ال سعود,3
علوي ال سعود,3
فيصل ال سعود,3
عبدالملك ال سعود,3
ياسين ال سعود,3
عويضة ال سعود,3
عمر ال سعود,3
طلال ال سعود,3
وليد ال سعود,3
أنور ال سعود,3
علاء ال سعود,3
جواد ال سعود,3
همام ال سعود,3
حازم ال سعود,3
فراس ال سعود,3
رامي ال سعود,3
حاتم ال سعود,3
مالك ال سعود,3
فايز ال سعود,3
معتز ال سعود,3
شاكر ال سعود,3
طارق ال سعود,3
نايف ال سعود,3
هشام ال سعود,3
ماجد ال سعود,3
حسين ال سعود,3
عمار ال سعود,3
منصور ال سعود,3
حسين ال سعود,3
تركي ال سعود,3
عبدالمجيد ال سعود,3
مهند ال سعود,3
مروان محمود  ,4
كرم جابر  ,4
عبدالكريم ماهر  ,4
قيس نادر  ,4
سهيل راغب  ,4
فهيد راشد  ,4
شعلان فيصل  ,4
عبدالمجيد خالد  ,4
عبدالعزيز أيمن  ,4
وسيم صهيب  ,4
معتوق مازن  ,4
بركات زياد  ,4
فالح جواد  ,4
حمزة علاء  ,4
خالد تيم  ,4
منصور سهيل  ,4
فهد سامر  ,4
عبيد حسن  ,4
هيبان أكرم  ,4
عمار فواز  ,4
تركي هيثم  ,4
نبيل أمين  ,4
جابر ساري  ,4
عبدالله قتيبة  ,4
نور وليد  ,4
وليد شاكر  ,4
عبدالله طلال  ,4
كنان قاسم  ,4
طلال سيف  ,4
يزن كنان  ,4
سعودي نواف  ,4
مقبل رامي  ,4
معاذ جمال  ,4
عمر خليل  ,4
يزيد مروان  ,4
سامي ضياء  ,4
نايف سلمان  ,4
أنس فهد  ,4
أنس سعيد  ,4
سعدون فايز  ,5
جهاد هادي  ,5
عبدالكريم مطيع  ,5
باسم نبيل  ,5
جاسر لؤي  ,5
هزاع هاشم  ,5
جهاد سامي  ,5
إياد هشام  ,5
هشام غسان  ,5
فارس منصور  ,5
عايد ثامر  ,5
صهيب سلطان  ,5
خالد سعد  ,5
صقر عدنان  ,5
ياسر براء  ,5
ضيغم عدي  ,5
لؤي إبراهيم  ,5
جمال عبدالملك  ,5
رائد طه  ,5
خليل حامد  ,5
خالدون زاهر  ,5
سالم يوسف  ,5
راكان رعد  ,5
سيف بسام  ,5
شادي تميم  ,5
أحمد أكرم  ,5
بسام كامل  ,5
صفوان ربيع  ,5
ناصر نايف  ,5
يوسف معتز  ,5
حسام قصي  ,5
عبدالملك ياسر  ,5
نصار مجاهد  ,5
ثامر شادي  ,5
غسان عمر  ,5
عبدالكريم فهمي  ,5
نواف جهاد  ,5
نواف ضيغم  ,5
سامي شريف  ,5
تيم شعلان  ,5
مراد كنعان  ,6
عادل حمزة  ,6
سعود أمجد  ,6
بدران مراد  ,6
ناصرين مؤيد  ,6
جراح صادق  ,6
عبدالهادي زيد  ,6
يوسف خليفة  ,6
فراج عبدالحميد  ,6
منيع بدر  ,6
راشد حسان  ,6
عبدالباري لبيب  ,6
وليدين وسيم  ,6
كنعان عبدالرحيم  ,6
سلطان جاسر  ,6
ليث بركات  ,6
عماد نور  ,6
بندر عبيد  ,6
خليفة سعود  ,6
فيحان عبدالالإله  ,6
مشعل نذير  ,6
مشاري محمود  ,6
علي جابر  ,6
عبدالعزيز ماهر  ,6
سلمان نادر  ,6
فهد راغب  ,6
هيثم راشد  ,6
طه فيصل  ,6
محمد خالد  ,6
عبدالإله أيمن  ,6
براء صهيب  ,6
تميم مازن  ,6
حسان زياد  ,6
أيوب جواد  ,6
مازن علاء  ,6
مؤيد تيم  ,6
نذير سهيل  ,6
حسام سامر  ,6
سعد حسن  ,6
ضياء أكرم  ,6
يوسف فواز  ,6
سفيان هيثم  ,6
مراد أمين  ,6
لؤي ساري  ,6
عبدالحميد قتيبة  ,7
سطام وليد  ,7
زياد شاكر  ,7
ريان طلال  ,7
بدر قاسم  ,7
عبدالإله سيف  ,7
حمد كنان  ,7
عادل نواف  ,7
فيصل رامي  ,7
سعود جمال  ,7
عبدالرحمن خليل  ,7
إياد مروان  ,7
عيسى ضياء  ,7
مراد سلمان  ,7
قصي فهد  ,7
سامي سعيد  ,7
صادق فايز  ,7
جعفر هادي  ,7
عابد مطيع  ,7
معاذ نبيل  ,7
عبدالرحمن لؤي  ,7
عبدالرحيم هاشم  ,7
زايد سامي  ,7
إبراهيم هشام  ,7
حسام غسان  ,7
عبداللطيف منصور  ,7
صالح ثامر  ,7
مرزوق سلطان  ,7
إيهاب سعد  ,7
عامر عدنان  ,7
شاكر براء  ,7
مهند عدي  ,7
فواز إبراهيم  ,7
كاظم عبدالملك  ,7